id,name,model_id:id,group_id:id,perm_read,perm_write,perm_create,perm_unlink
access_mailing_source_registry_user,mailing.source.registry.user,model_mailing_source_registry,mass_mailing.group_mass_mailing_user,1,1,1,0
access_mailing_source_registry_system,mailing.source.registry.system,model_mailing_source_registry,base.group_system,1,1,1,1
access_mailing_list_update_batch_user,mailing.list.update.batch.user,model_mailing_list_update_batch,mass_mailing.group_mass_mailing_user,1,1,1,0
access_mailing_contact_tracking_user,mailing.contact.tracking.user,model_mailing_contact_tracking,mass_mailing.group_mass_mailing_user,1,1,1,0
access_mailing_filter_template_user,mailing.filter.template.user,model_mailing_filter_template,mass_mailing.group_mass_mailing_user,1,1,1,0
access_mailing_filter_template_public,mailing.filter.template.public,model_mailing_filter_template,base.group_user,1,0,0,0
access_mailing_operation_audit_user,mailing.operation.audit.user,model_mailing_operation_audit,mass_mailing.group_mass_mailing_user,1,1,1,0
access_mailing_operation_audit_system,mailing.operation.audit.system,model_mailing_operation_audit,base.group_system,1,1,1,1
access_mailing_deduplication_engine_user,mailing.deduplication.engine.user,model_mailing_deduplication_engine,mass_mailing.group_mass_mailing_user,1,1,1,0
